/*
 Navicat Premium Data Transfer

 Source Server         : ifx
 Source Server Type    : MySQL
 Source Server Version : 50739
 Source Host           : 124.221.168.200:3306
 Source Schema         : ifx

 Target Server Type    : MySQL
 Target Server Version : 50739
 File Encoding         : 65001

 Date: 06/06/2023 11:59:23
*/

SET NAMES utf8mb4;
SET FOREIGN_KEY_CHECKS = 0;

-- ----------------------------
-- Table structure for account
-- ----------------------------
DROP TABLE IF EXISTS `account`;
CREATE TABLE `account`  (
  `id` bigint(20) NOT NULL AUTO_INCREMENT,
  `account` varchar(20) CHARACTER SET utf8mb4 COLLATE utf8mb4_general_ci NULL DEFAULT NULL COMMENT '账号',
  `user_name` varchar(50) CHARACTER SET utf8mb4 COLLATE utf8mb4_general_ci NULL DEFAULT NULL COMMENT '用户名称',
  `user_nickname` varchar(50) CHARACTER SET utf8mb4 COLLATE utf8mb4_general_ci NULL DEFAULT NULL COMMENT '昵称',
  `password` varchar(50) CHARACTER SET utf8mb4 COLLATE utf8mb4_general_ci NULL DEFAULT NULL COMMENT '密码',
  `salt` varchar(50) CHARACTER SET utf8mb4 COLLATE utf8mb4_general_ci NULL DEFAULT NULL COMMENT '盐值',
  `email` varchar(50) CHARACTER SET utf8mb4 COLLATE utf8mb4_general_ci NULL DEFAULT NULL COMMENT '邮箱',
  `pwdhash` varchar(150) CHARACTER SET utf8mb4 COLLATE utf8mb4_general_ci NULL DEFAULT NULL COMMENT '加盐hash',
  `create_time` datetime(0) NULL DEFAULT CURRENT_TIMESTAMP(0) COMMENT '创建时间',
  `update_time` datetime(0) NULL DEFAULT CURRENT_TIMESTAMP(0) ON UPDATE CURRENT_TIMESTAMP(0) COMMENT '修改时间',
  `active` tinyint(4) NULL DEFAULT 1 COMMENT '删除标志',
  `version` int(11) NULL DEFAULT 1 COMMENT '版本',
  PRIMARY KEY (`id`) USING BTREE
) ENGINE = InnoDB AUTO_INCREMENT = 1630119513067073537 CHARACTER SET = utf8mb4 COLLATE = utf8mb4_general_ci COMMENT = '账户表' ROW_FORMAT = Dynamic;

-- ----------------------------
-- Records of account
-- ----------------------------
INSERT INTO `account` VALUES (1630119475372863488, 'wangpeng', NULL, NULL, 'wangpeng', 'kutpxdj1', NULL, 'dbce92729fef9f27bfcf4f0b425b39a40e17645172e36efedeae36b9e86bfa23', '2023-02-27 08:15:44', '2023-02-27 08:15:44', 1, 1);
INSERT INTO `account` VALUES (1630119513067073536, 'pengpeng', NULL, NULL, 'pengpeng', 'hh6jf58x', NULL, '5c189f2ebce7ceaa037a8b18844f2739fdeab1779b43c13260c77f0792fc86f1', '2023-02-27 08:15:53', '2023-02-27 08:15:53', 1, 1);

-- ----------------------------
-- Table structure for account_relation
-- ----------------------------
DROP TABLE IF EXISTS `account_relation`;
CREATE TABLE `account_relation`  (
  `id` bigint(20) NOT NULL,
  `account` varchar(20) CHARACTER SET utf8mb4 COLLATE utf8mb4_general_ci NULL DEFAULT NULL COMMENT '用户id',
  `account_relations` text CHARACTER SET utf8mb4 COLLATE utf8mb4_general_ci NULL COMMENT '账号关系集合',
  `create_time` datetime(0) NULL DEFAULT CURRENT_TIMESTAMP(0) COMMENT '创建时间',
  `update_time` datetime(0) NULL DEFAULT CURRENT_TIMESTAMP(0) ON UPDATE CURRENT_TIMESTAMP(0) COMMENT '修改时间',
  `active` tinyint(4) NULL DEFAULT 1 COMMENT '删除标志',
  `version` int(11) NULL DEFAULT 1 COMMENT '版本',
  PRIMARY KEY (`id`) USING BTREE
) ENGINE = InnoDB CHARACTER SET = utf8mb4 COLLATE = utf8mb4_general_ci COMMENT = '账户关系表' ROW_FORMAT = Dynamic;

-- ----------------------------
-- Records of account_relation
-- ----------------------------

-- ----------------------------
-- Table structure for chat_msg
-- ----------------------------
DROP TABLE IF EXISTS `chat_msg`;
CREATE TABLE `chat_msg`  (
  `id` bigint(32) NOT NULL AUTO_INCREMENT,
  `session_id` bigint(32) NULL DEFAULT NULL COMMENT '接受的会话Id',
  `from_account` varchar(20) CHARACTER SET utf8mb4 COLLATE utf8mb4_general_ci NULL DEFAULT NULL COMMENT '发送的账户',
  `content_type` varchar(20) CHARACTER SET utf8mb4 COLLATE utf8mb4_general_ci NULL DEFAULT NULL COMMENT '消息类型',
  `content` text CHARACTER SET utf8mb4 COLLATE utf8mb4_general_ci NULL COMMENT '消息内容',
  `create_user_id` bigint(32) NULL DEFAULT NULL COMMENT '创建用户id',
  `create_time` datetime(0) NULL DEFAULT CURRENT_TIMESTAMP(0) COMMENT '创建时间',
  `update_time` datetime(0) NULL DEFAULT CURRENT_TIMESTAMP(0) ON UPDATE CURRENT_TIMESTAMP(0) COMMENT '修改时间',
  `active` tinyint(4) NULL DEFAULT 1 COMMENT '删除标志',
  `version` int(5) NULL DEFAULT 1 COMMENT '版本',
  PRIMARY KEY (`id`) USING BTREE
) ENGINE = InnoDB AUTO_INCREMENT = 178 CHARACTER SET = utf8mb4 COLLATE = utf8mb4_general_ci COMMENT = '信息表' ROW_FORMAT = Dynamic;

-- ----------------------------
-- Records of chat_msg
-- ----------------------------
INSERT INTO `chat_msg` VALUES (59, 1644223948273614848, 'pengpeng', NULL, 'say hi!', NULL, '2023-04-07 08:47:06', '2023-04-07 08:47:06', 1, 1);
INSERT INTO `chat_msg` VALUES (60, 1644223948273614848, 'pengpeng', NULL, 'say hi!', NULL, '2023-04-07 08:47:07', '2023-04-07 08:47:07', 1, 1);
INSERT INTO `chat_msg` VALUES (61, 1644223948273614848, 'pengpeng', NULL, 'say hi!', NULL, '2023-04-07 08:47:42', '2023-04-07 08:47:42', 1, 1);
INSERT INTO `chat_msg` VALUES (62, 1644223948273614848, 'pengpeng', NULL, 'say hi!', NULL, '2023-04-07 08:47:42', '2023-04-07 08:47:42', 1, 1);
INSERT INTO `chat_msg` VALUES (63, 1644223948273614848, 'pengpeng', NULL, 'say hi!', NULL, '2023-04-07 08:47:43', '2023-04-07 08:47:43', 1, 1);
INSERT INTO `chat_msg` VALUES (64, 1644223948273614848, 'pengpeng', NULL, 'say hi!', NULL, '2023-04-07 08:55:46', '2023-04-07 08:55:46', 1, 1);
INSERT INTO `chat_msg` VALUES (65, 1644223948273614848, 'pengpeng', NULL, 'say hi!', NULL, '2023-04-07 08:55:46', '2023-04-07 08:55:46', 1, 1);
INSERT INTO `chat_msg` VALUES (66, 1644223948273614848, 'pengpeng', NULL, 'say hi!', NULL, '2023-04-07 08:55:46', '2023-04-07 08:55:46', 1, 1);
INSERT INTO `chat_msg` VALUES (67, 1644223948273614848, 'pengpeng', NULL, 'say hi!', NULL, '2023-04-07 08:56:54', '2023-04-07 08:56:54', 1, 1);
INSERT INTO `chat_msg` VALUES (68, 1644223948273614848, 'pengpeng', NULL, 'say hi!', NULL, '2023-04-07 08:56:54', '2023-04-07 08:56:54', 1, 1);
INSERT INTO `chat_msg` VALUES (69, 1644223948273614848, 'pengpeng', NULL, 'say hi!', NULL, '2023-04-07 08:56:54', '2023-04-07 08:56:54', 1, 1);
INSERT INTO `chat_msg` VALUES (70, 1644223948273614848, 'pengpeng', NULL, 'say hi!', NULL, '2023-04-07 08:57:07', '2023-04-07 08:57:07', 1, 1);
INSERT INTO `chat_msg` VALUES (71, 1644223948273614848, 'pengpeng', NULL, 'say hi!', NULL, '2023-04-07 08:57:07', '2023-04-07 08:57:07', 1, 1);
INSERT INTO `chat_msg` VALUES (72, 1644223948273614848, 'pengpeng', NULL, 'say hi!', NULL, '2023-04-07 08:57:07', '2023-04-07 08:57:07', 1, 1);
INSERT INTO `chat_msg` VALUES (73, 1644223948273614848, 'pengpeng', NULL, 'say hi!', NULL, '2023-04-07 08:57:48', '2023-04-07 08:57:48', 1, 1);
INSERT INTO `chat_msg` VALUES (74, 1644223948273614848, 'pengpeng', NULL, 'say hi!', NULL, '2023-04-07 08:57:48', '2023-04-07 08:57:48', 1, 1);
INSERT INTO `chat_msg` VALUES (75, 1644223948273614848, 'pengpeng', NULL, 'say hi!', NULL, '2023-04-07 08:57:56', '2023-04-07 08:57:56', 1, 1);
INSERT INTO `chat_msg` VALUES (76, 1644223948273614848, 'pengpeng', NULL, 'say hi!', NULL, '2023-04-07 08:57:56', '2023-04-07 08:57:56', 1, 1);
INSERT INTO `chat_msg` VALUES (77, 1644223948273614848, 'pengpeng', NULL, 'say hi!', NULL, '2023-04-07 08:58:02', '2023-04-07 08:58:02', 1, 1);
INSERT INTO `chat_msg` VALUES (78, 1644223948273614848, 'pengpeng', NULL, 'say hi!', NULL, '2023-04-07 08:58:02', '2023-04-07 08:58:02', 1, 1);
INSERT INTO `chat_msg` VALUES (79, 1644223948273614848, 'pengpeng', NULL, 'say hi!', NULL, '2023-04-07 08:58:07', '2023-04-07 08:58:07', 1, 1);
INSERT INTO `chat_msg` VALUES (80, 1644223948273614848, 'pengpeng', NULL, 'say hi!', NULL, '2023-04-07 08:58:07', '2023-04-07 08:58:07', 1, 1);
INSERT INTO `chat_msg` VALUES (81, 1644223948273614848, 'pengpeng', NULL, 'say hi!', NULL, '2023-04-07 09:00:38', '2023-04-07 09:00:38', 1, 1);
INSERT INTO `chat_msg` VALUES (82, 1644223948273614848, 'pengpeng', NULL, 'say hi!', NULL, '2023-04-07 09:00:44', '2023-04-07 09:00:44', 1, 1);
INSERT INTO `chat_msg` VALUES (83, 1644223948273614848, 'pengpeng', NULL, 'say hi!', NULL, '2023-04-07 09:04:21', '2023-04-07 09:04:21', 1, 1);
INSERT INTO `chat_msg` VALUES (84, 1644223948273614848, 'pengpeng', NULL, 'say hi!', NULL, '2023-04-07 10:03:05', '2023-04-07 10:03:05', 1, 1);
INSERT INTO `chat_msg` VALUES (85, 1644223948273614848, 'pengpeng', NULL, 'say hi!', NULL, '2023-04-07 10:04:21', '2023-04-07 10:04:21', 1, 1);
INSERT INTO `chat_msg` VALUES (86, 1644223948273614848, 'pengpeng', NULL, 'say hi!', NULL, '2023-04-07 10:05:21', '2023-04-07 10:05:21', 1, 1);
INSERT INTO `chat_msg` VALUES (87, 1644223948273614848, 'pengpeng', NULL, 'say hi!', NULL, '2023-04-07 10:06:36', '2023-04-07 10:06:36', 1, 1);
INSERT INTO `chat_msg` VALUES (88, 1644223948273614848, 'pengpeng', NULL, 'say hi!', NULL, '2023-04-07 10:08:57', '2023-04-07 10:08:57', 1, 1);
INSERT INTO `chat_msg` VALUES (89, 1644223948273614848, 'pengpeng', NULL, 'say hello!', NULL, '2023-04-07 10:31:11', '2023-04-07 10:31:11', 1, 1);
INSERT INTO `chat_msg` VALUES (90, 1644223948273614848, 'pengpeng', NULL, 'say hello!', NULL, '2023-04-07 10:31:42', '2023-04-07 10:31:42', 1, 1);
INSERT INTO `chat_msg` VALUES (91, 1644223948273614848, 'pengpeng', NULL, 'say hello!', NULL, '2023-04-07 10:32:19', '2023-04-07 10:32:19', 1, 1);
INSERT INTO `chat_msg` VALUES (92, 1644223948273614848, 'pengpeng', NULL, 'say hello!', NULL, '2023-04-07 10:32:35', '2023-04-07 10:32:35', 1, 1);
INSERT INTO `chat_msg` VALUES (93, 1644223948273614848, 'pengpeng', NULL, 'say hello!', NULL, '2023-04-07 10:33:56', '2023-04-07 10:33:56', 1, 1);
INSERT INTO `chat_msg` VALUES (94, 1644223948273614848, 'pengpeng', NULL, 'say hello!', NULL, '2023-04-07 10:38:05', '2023-04-07 10:38:05', 1, 1);
INSERT INTO `chat_msg` VALUES (95, 1644223948273614848, 'pengpeng', NULL, 'say hello!', NULL, '2023-04-07 10:38:21', '2023-04-07 10:38:21', 1, 1);
INSERT INTO `chat_msg` VALUES (96, 1644223948273614848, 'pengpeng', NULL, 'say hello!', NULL, '2023-04-07 10:38:36', '2023-04-07 10:38:36', 1, 1);
INSERT INTO `chat_msg` VALUES (97, 1644223948273614848, 'pengpeng', NULL, 'say hello!', NULL, '2023-04-07 10:39:54', '2023-04-07 10:39:54', 1, 1);
INSERT INTO `chat_msg` VALUES (98, 1644223948273614848, 'pengpeng', NULL, 'say hello!', NULL, '2023-04-07 10:42:04', '2023-04-07 10:42:04', 1, 1);
INSERT INTO `chat_msg` VALUES (99, 1644223948273614848, 'pengpeng', NULL, 'say hello!', NULL, '2023-04-07 10:44:10', '2023-04-07 10:44:10', 1, 1);
INSERT INTO `chat_msg` VALUES (100, 1644223948273614848, 'pengpeng', NULL, 'say hello!', NULL, '2023-04-07 10:44:21', '2023-04-07 10:44:21', 1, 1);
INSERT INTO `chat_msg` VALUES (101, 1644223948273614848, 'pengpeng', NULL, 'say hello!', NULL, '2023-04-07 10:44:22', '2023-04-07 10:44:22', 1, 1);
INSERT INTO `chat_msg` VALUES (102, 1644223948273614848, 'pengpeng', NULL, 'say hello!', NULL, '2023-04-07 10:44:23', '2023-04-07 10:44:23', 1, 1);
INSERT INTO `chat_msg` VALUES (103, 1644223948273614848, 'pengpeng', NULL, 'say hello!', NULL, '2023-04-07 10:45:17', '2023-04-07 10:45:17', 1, 1);
INSERT INTO `chat_msg` VALUES (104, 1644223948273614848, 'pengpeng', NULL, 'say hello!', NULL, '2023-04-07 10:47:59', '2023-04-07 10:47:59', 1, 1);
INSERT INTO `chat_msg` VALUES (105, 1644223948273614848, 'pengpeng', NULL, 'say hello!', NULL, '2023-04-07 10:49:20', '2023-04-07 10:49:20', 1, 1);
INSERT INTO `chat_msg` VALUES (106, 1644223948273614848, 'pengpeng', NULL, 'say hello!', NULL, '2023-04-07 10:51:03', '2023-04-07 10:51:03', 1, 1);
INSERT INTO `chat_msg` VALUES (107, 1644223948273614848, 'pengpeng', NULL, 'say hello!', NULL, '2023-04-07 10:51:18', '2023-04-07 10:51:18', 1, 1);
INSERT INTO `chat_msg` VALUES (108, 1644223948273614848, 'pengpeng', NULL, 'say hello!', NULL, '2023-04-07 10:51:27', '2023-04-07 10:51:27', 1, 1);
INSERT INTO `chat_msg` VALUES (109, 1644223948273614848, 'pengpeng', NULL, 'say hello!', NULL, '2023-04-07 10:51:33', '2023-04-07 10:51:33', 1, 1);
INSERT INTO `chat_msg` VALUES (110, 1644223948273614848, 'pengpeng', NULL, 'say hello!', NULL, '2023-04-07 10:51:33', '2023-04-07 10:51:33', 1, 1);
INSERT INTO `chat_msg` VALUES (111, 1644223948273614848, 'pengpeng', NULL, 'say hello!', NULL, '2023-04-07 10:51:34', '2023-04-07 10:51:34', 1, 1);
INSERT INTO `chat_msg` VALUES (112, 1644223948273614848, 'pengpeng', NULL, 'say hello!', NULL, '2023-04-07 10:51:35', '2023-04-07 10:51:35', 1, 1);
INSERT INTO `chat_msg` VALUES (113, 1644223948273614848, 'pengpeng', NULL, 'say hello!', NULL, '2023-04-07 10:51:35', '2023-04-07 10:51:35', 1, 1);
INSERT INTO `chat_msg` VALUES (114, 1644223948273614848, 'pengpeng', NULL, 'say hello!', NULL, '2023-04-07 10:51:36', '2023-04-07 10:51:36', 1, 1);
INSERT INTO `chat_msg` VALUES (115, 1644223948273614848, 'pengpeng', NULL, 'say hello!', NULL, '2023-04-07 10:51:36', '2023-04-07 10:51:36', 1, 1);
INSERT INTO `chat_msg` VALUES (116, 1644223948273614848, 'pengpeng', NULL, 'say hello!', NULL, '2023-04-07 10:51:37', '2023-04-07 10:51:37', 1, 1);
INSERT INTO `chat_msg` VALUES (117, 1644223948273614848, 'pengpeng', NULL, 'say hello!', NULL, '2023-04-07 10:51:37', '2023-04-07 10:51:37', 1, 1);
INSERT INTO `chat_msg` VALUES (118, 1644223948273614848, 'pengpeng', NULL, 'say hello!', NULL, '2023-04-07 10:51:37', '2023-04-07 10:51:37', 1, 1);
INSERT INTO `chat_msg` VALUES (119, 1644223948273614848, 'pengpeng', NULL, 'say hello!', NULL, '2023-04-07 10:51:38', '2023-04-07 10:51:38', 1, 1);
INSERT INTO `chat_msg` VALUES (120, 1644223948273614848, 'pengpeng', NULL, 'say hello!', NULL, '2023-04-07 10:51:38', '2023-04-07 10:51:38', 1, 1);
INSERT INTO `chat_msg` VALUES (121, 1644223948273614848, 'pengpeng', NULL, 'say hello!', NULL, '2023-04-07 10:51:38', '2023-04-07 10:51:38', 1, 1);
INSERT INTO `chat_msg` VALUES (122, 1644223948273614848, 'pengpeng', NULL, 'say hello!', NULL, '2023-04-07 10:51:39', '2023-04-07 10:51:39', 1, 1);
INSERT INTO `chat_msg` VALUES (123, 1644223948273614848, 'pengpeng', NULL, 'say hello!', NULL, '2023-04-07 10:51:39', '2023-04-07 10:51:39', 1, 1);
INSERT INTO `chat_msg` VALUES (124, 1644223948273614848, 'pengpeng', NULL, 'say hello!', NULL, '2023-04-07 10:51:40', '2023-04-07 10:51:40', 1, 1);
INSERT INTO `chat_msg` VALUES (125, 1644223948273614848, 'pengpeng', NULL, 'say hello!', NULL, '2023-04-07 10:51:40', '2023-04-07 10:51:40', 1, 1);
INSERT INTO `chat_msg` VALUES (126, 1644223948273614848, 'pengpeng', NULL, 'say hello!', NULL, '2023-04-07 10:51:40', '2023-04-07 10:51:40', 1, 1);
INSERT INTO `chat_msg` VALUES (127, 1644223948273614848, 'pengpeng', NULL, 'say hello!', NULL, '2023-04-07 10:51:41', '2023-04-07 10:51:41', 1, 1);
INSERT INTO `chat_msg` VALUES (128, 1644223948273614848, 'pengpeng', NULL, 'say hello!', NULL, '2023-04-07 10:51:41', '2023-04-07 10:51:41', 1, 1);
INSERT INTO `chat_msg` VALUES (129, 1644223948273614848, 'pengpeng', NULL, 'say hello!', NULL, '2023-04-07 10:51:42', '2023-04-07 10:51:42', 1, 1);
INSERT INTO `chat_msg` VALUES (130, 1644223948273614848, 'pengpeng', NULL, 'ffllll!', NULL, '2023-04-07 10:51:50', '2023-04-07 10:51:50', 1, 1);
INSERT INTO `chat_msg` VALUES (131, 1644223948273614848, 'pengpeng', NULL, 'ffllll!', NULL, '2023-04-07 10:53:34', '2023-04-07 10:53:34', 1, 1);
INSERT INTO `chat_msg` VALUES (132, 1644223948273614848, 'pengpeng', NULL, 'ffllll!', NULL, '2023-04-07 10:53:43', '2023-04-07 10:53:43', 1, 1);
INSERT INTO `chat_msg` VALUES (133, 1644223948273614848, 'pengpeng', NULL, 'ffllll!', NULL, '2023-04-07 10:55:50', '2023-04-07 10:55:50', 1, 1);
INSERT INTO `chat_msg` VALUES (134, 1644223948273614848, 'pengpeng', NULL, 'ffllll!', NULL, '2023-04-07 10:57:33', '2023-04-07 10:57:33', 1, 1);
INSERT INTO `chat_msg` VALUES (135, 1644223948273614848, 'pengpeng', NULL, 'ffllll!', NULL, '2023-04-07 10:59:04', '2023-04-07 10:59:04', 1, 1);
INSERT INTO `chat_msg` VALUES (136, 1644223948273614848, 'pengpeng', NULL, 'ffllll!', NULL, '2023-04-07 10:59:30', '2023-04-07 10:59:30', 1, 1);
INSERT INTO `chat_msg` VALUES (137, 1644223948273614848, 'pengpeng', NULL, 'ffllll!', NULL, '2023-04-07 11:01:32', '2023-04-07 11:01:32', 1, 1);
INSERT INTO `chat_msg` VALUES (138, 1644223948273614848, 'pengpeng', NULL, 'ffllll!', NULL, '2023-04-07 11:03:03', '2023-04-07 11:03:03', 1, 1);
INSERT INTO `chat_msg` VALUES (139, 1644223948273614848, 'pengpeng', NULL, 'ffllll!', NULL, '2023-04-07 11:05:38', '2023-04-07 11:05:38', 1, 1);
INSERT INTO `chat_msg` VALUES (140, 1644223948273614848, 'pengpeng', NULL, 'ffllll!', NULL, '2023-04-07 11:06:44', '2023-04-07 11:06:44', 1, 1);
INSERT INTO `chat_msg` VALUES (141, 1644223948273614848, 'pengpeng', NULL, 'ffllll!', NULL, '2023-04-07 11:08:38', '2023-04-07 11:08:38', 1, 1);
INSERT INTO `chat_msg` VALUES (142, 1644223948273614848, 'pengpeng', NULL, 'ffllll!', 1630119513067073536, '2023-04-07 11:13:41', '2023-04-07 11:13:41', 1, 1);
INSERT INTO `chat_msg` VALUES (143, 1644223948273614848, 'pengpeng', NULL, 'ffllll!', 1630119513067073536, '2023-04-07 11:14:17', '2023-04-07 11:14:17', 1, 1);
INSERT INTO `chat_msg` VALUES (144, 1644223948273614848, 'pengpeng', NULL, 'ffllll!', 1630119513067073536, '2023-04-07 11:16:47', '2023-04-07 11:16:47', 1, 1);
INSERT INTO `chat_msg` VALUES (145, 1644223948273614848, 'pengpeng', NULL, 'ffllll!', 1630119513067073536, '2023-04-07 11:19:20', '2023-04-07 11:19:20', 1, 1);
INSERT INTO `chat_msg` VALUES (146, 1644223948273614848, 'pengpeng', NULL, 'ffllll!', 1630119513067073536, '2023-04-07 11:22:07', '2023-04-07 11:22:07', 1, 1);
INSERT INTO `chat_msg` VALUES (147, 1644223948273614848, 'pengpeng', NULL, 'ffllll!', 1630119513067073536, '2023-04-07 11:24:13', '2023-04-07 11:24:13', 1, 1);
INSERT INTO `chat_msg` VALUES (148, 1644223948273614848, 'pengpeng', NULL, 'ffllll!', 1630119513067073536, '2023-04-07 11:24:18', '2023-04-07 11:24:18', 1, 1);
INSERT INTO `chat_msg` VALUES (149, 1644223948273614848, 'pengpeng', NULL, 'ffllll!', 1630119513067073536, '2023-04-22 09:04:43', '2023-04-22 09:04:43', 1, 1);
INSERT INTO `chat_msg` VALUES (150, 1644223948273614848, 'pengpeng', NULL, 'ffllll!', 1630119513067073536, '2023-04-22 09:12:34', '2023-04-22 09:12:34', 1, 1);
INSERT INTO `chat_msg` VALUES (151, 1644223948273614848, 'pengpeng', NULL, 'ffllll!', 1630119513067073536, '2023-04-22 09:13:30', '2023-04-22 09:13:30', 1, 1);
INSERT INTO `chat_msg` VALUES (152, 1644223948273614848, 'pengpeng', NULL, 'ffllll!', 1630119513067073536, '2023-04-22 09:14:13', '2023-04-22 09:14:13', 1, 1);
INSERT INTO `chat_msg` VALUES (153, 1644223948273614848, 'pengpeng', NULL, 'ffllll!', 1630119513067073536, '2023-04-22 09:14:52', '2023-04-22 09:14:52', 1, 1);
INSERT INTO `chat_msg` VALUES (154, 1644223948273614848, 'pengpeng', NULL, 'ffllll!', 1630119513067073536, '2023-04-22 09:16:16', '2023-04-22 09:16:16', 1, 1);
INSERT INTO `chat_msg` VALUES (155, 1644223948273614848, 'pengpeng', NULL, 'ffllll!', 1630119513067073536, '2023-04-22 09:17:58', '2023-04-22 09:17:58', 1, 1);
INSERT INTO `chat_msg` VALUES (156, 1644223948273614848, 'pengpeng', NULL, 'ffllll!', 1630119513067073536, '2023-04-22 09:18:51', '2023-04-22 09:18:51', 1, 1);
INSERT INTO `chat_msg` VALUES (157, 1644223948273614848, 'pengpeng', NULL, 'ffllll!', 1630119513067073536, '2023-04-22 09:21:47', '2023-04-22 09:21:47', 1, 1);
INSERT INTO `chat_msg` VALUES (158, 1644223948273614848, 'pengpeng', NULL, 'ffllll!', 1630119513067073536, '2023-04-22 09:22:49', '2023-04-22 09:22:49', 1, 1);
INSERT INTO `chat_msg` VALUES (159, 1644223948273614848, 'pengpeng', NULL, 'ffllll!', 1630119513067073536, '2023-04-22 09:29:43', '2023-04-22 09:29:43', 1, 1);
INSERT INTO `chat_msg` VALUES (160, 1644223948273614848, 'pengpeng', NULL, 'ffllll!', 1630119513067073536, '2023-04-22 09:30:04', '2023-04-22 09:30:04', 1, 1);
INSERT INTO `chat_msg` VALUES (161, 1644223948273614848, 'pengpeng', NULL, 'ffllll!', 1630119513067073536, '2023-04-22 10:05:44', '2023-04-22 10:05:44', 1, 1);
INSERT INTO `chat_msg` VALUES (162, 1644223948273614848, 'pengpeng', NULL, 'ffllll!', 1630119513067073536, '2023-04-22 10:10:25', '2023-04-22 10:10:25', 1, 1);
INSERT INTO `chat_msg` VALUES (163, 1644223948273614848, 'pengpeng', NULL, 'ffllll!', 1630119513067073536, '2023-05-20 00:32:59', '2023-05-20 00:32:59', 1, 1);
INSERT INTO `chat_msg` VALUES (164, 1644223948273614848, 'pengpeng', NULL, 'ffllll!', 1630119513067073536, '2023-05-20 00:33:32', '2023-05-20 00:33:32', 1, 1);
INSERT INTO `chat_msg` VALUES (165, 1644223948273614848, 'pengpeng', NULL, 'ffllll!', 1630119513067073536, '2023-05-20 00:36:31', '2023-05-20 00:36:31', 1, 1);
INSERT INTO `chat_msg` VALUES (166, 1644223948273614848, 'pengpeng', NULL, 'ffllll!', 1630119513067073536, '2023-05-20 00:37:08', '2023-05-20 00:37:08', 1, 1);
INSERT INTO `chat_msg` VALUES (167, 1644223948273614848, 'pengpeng', NULL, 'ffllll!', 1630119513067073536, '2023-05-20 02:03:33', '2023-05-20 02:03:33', 1, 1);
INSERT INTO `chat_msg` VALUES (168, 1644223948273614848, 'pengpeng', NULL, 'ffllll!', 1630119513067073536, '2023-05-20 02:04:53', '2023-05-20 02:04:53', 1, 1);
INSERT INTO `chat_msg` VALUES (169, 1644223948273614848, 'pengpeng', NULL, 'ffllll!', 1630119513067073536, '2023-05-20 02:06:00', '2023-05-20 02:06:00', 1, 1);
INSERT INTO `chat_msg` VALUES (170, 1644223948273614848, 'pengpeng', NULL, 'ffllll!', 1630119513067073536, '2023-05-20 02:10:56', '2023-05-20 02:10:56', 1, 1);
INSERT INTO `chat_msg` VALUES (171, 1644223948273614848, 'pengpeng', NULL, 'ffllll!', 1630119513067073536, '2023-05-20 02:12:47', '2023-05-20 02:12:47', 1, 1);
INSERT INTO `chat_msg` VALUES (172, 1644223948273614848, 'pengpeng', NULL, 'ffllll!', 1630119513067073536, '2023-05-20 02:14:15', '2023-05-20 02:14:15', 1, 1);
INSERT INTO `chat_msg` VALUES (173, 1644223948273614848, 'pengpeng', NULL, 'ffllll!', 1630119513067073536, '2023-05-20 03:20:10', '2023-05-20 03:20:10', 1, 1);
INSERT INTO `chat_msg` VALUES (174, 1644223948273614848, 'pengpeng', NULL, 'ffllll!', 1630119513067073536, '2023-05-20 04:33:47', '2023-05-20 04:33:47', 1, 1);
INSERT INTO `chat_msg` VALUES (175, 1644223948273614848, 'pengpeng', NULL, 'ffllll!', 1630119513067073536, '2023-05-20 04:33:58', '2023-05-20 04:33:58', 1, 1);
INSERT INTO `chat_msg` VALUES (176, 1644223948273614848, 'pengpeng', NULL, 'ffllll!', 1630119513067073536, '2023-05-20 04:35:34', '2023-05-20 04:35:34', 1, 1);
INSERT INTO `chat_msg` VALUES (177, 1644223948273614848, 'pengpeng', NULL, 'ffllll!', 1630119513067073536, '2023-05-20 04:36:39', '2023-05-20 04:36:39', 1, 1);

-- ----------------------------
-- Table structure for chat_msg_record
-- ----------------------------
DROP TABLE IF EXISTS `chat_msg_record`;
CREATE TABLE `chat_msg_record`  (
  `id` bigint(32) NOT NULL AUTO_INCREMENT,
  `session_id` bigint(32) NULL DEFAULT NULL COMMENT '会话Id',
  `msg_id` bigint(32) NULL DEFAULT NULL COMMENT '消息id',
  `to_user_id` bigint(32) NULL DEFAULT NULL COMMENT '接受用户id',
  `status` varchar(20) CHARACTER SET utf8mb4 COLLATE utf8mb4_general_ci NULL DEFAULT NULL COMMENT '消息状态',
  `create_user_id` bigint(20) NULL DEFAULT NULL COMMENT '创建用户id',
  `create_time` datetime(0) NULL DEFAULT CURRENT_TIMESTAMP(0) COMMENT '创建时间',
  `update_time` datetime(0) NULL DEFAULT CURRENT_TIMESTAMP(0) ON UPDATE CURRENT_TIMESTAMP(0) COMMENT '修改时间',
  `active` tinyint(4) NULL DEFAULT 1 COMMENT '删除标志',
  `version` int(5) NULL DEFAULT 1 COMMENT '版本',
  PRIMARY KEY (`id`) USING BTREE
) ENGINE = InnoDB AUTO_INCREMENT = 63 CHARACTER SET = utf8mb4 COLLATE = utf8mb4_general_ci COMMENT = '消息记录表' ROW_FORMAT = Dynamic;

-- ----------------------------
-- Records of chat_msg_record
-- ----------------------------
INSERT INTO `chat_msg_record` VALUES (1, 1644223948273614848, 145, 1630119475372863488, 'UNSENT', NULL, '2023-04-07 11:19:21', '2023-04-07 11:19:21', 1, 1);
INSERT INTO `chat_msg_record` VALUES (2, 1644223948273614848, 145, 1630119513067073536, 'UNSENT', NULL, '2023-04-07 11:19:21', '2023-04-07 11:19:21', 1, 1);
INSERT INTO `chat_msg_record` VALUES (3, 1644223948273614848, 146, 1630119475372863488, 'UNSENT', NULL, '2023-04-07 11:22:07', '2023-04-07 11:22:07', 1, 1);
INSERT INTO `chat_msg_record` VALUES (4, 1644223948273614848, 146, 1630119513067073536, 'UNSENT', NULL, '2023-04-07 11:22:07', '2023-04-07 11:22:07', 1, 1);
INSERT INTO `chat_msg_record` VALUES (5, 1644223948273614848, 147, 1630119475372863488, 'UNSENT', NULL, '2023-04-07 11:24:13', '2023-04-07 11:24:13', 1, 1);
INSERT INTO `chat_msg_record` VALUES (6, 1644223948273614848, 147, 1630119513067073536, 'UNSENT', NULL, '2023-04-07 11:24:13', '2023-04-07 11:24:13', 1, 1);
INSERT INTO `chat_msg_record` VALUES (7, 1644223948273614848, 148, 1630119513067073536, 'UNSENT', NULL, '2023-04-07 11:24:18', '2023-04-07 11:24:18', 1, 1);
INSERT INTO `chat_msg_record` VALUES (8, 1644223948273614848, 148, 1630119475372863488, 'UNSENT', NULL, '2023-04-07 11:24:18', '2023-04-07 11:24:18', 1, 1);
INSERT INTO `chat_msg_record` VALUES (9, 1644223948273614848, 149, 1630119475372863488, 'UNSENT', NULL, '2023-04-22 09:04:43', '2023-04-22 09:04:43', 1, 1);
INSERT INTO `chat_msg_record` VALUES (10, 1644223948273614848, 149, 1630119513067073536, 'UNSENT', NULL, '2023-04-22 09:04:43', '2023-04-22 09:04:43', 1, 1);
INSERT INTO `chat_msg_record` VALUES (11, 1644223948273614848, 150, 1630119513067073536, 'UNSENT', NULL, '2023-04-22 09:12:35', '2023-04-22 09:12:35', 1, 1);
INSERT INTO `chat_msg_record` VALUES (12, 1644223948273614848, 150, 1630119475372863488, 'UNSENT', NULL, '2023-04-22 09:12:35', '2023-04-22 09:12:35', 1, 1);
INSERT INTO `chat_msg_record` VALUES (13, 1644223948273614848, 151, 1630119475372863488, 'UNSENT', NULL, '2023-04-22 09:13:31', '2023-04-22 09:13:31', 1, 1);
INSERT INTO `chat_msg_record` VALUES (14, 1644223948273614848, 151, 1630119513067073536, 'UNSENT', NULL, '2023-04-22 09:13:31', '2023-04-22 09:13:31', 1, 1);
INSERT INTO `chat_msg_record` VALUES (15, 1644223948273614848, 152, 1630119513067073536, 'UNSENT', NULL, '2023-04-22 09:14:13', '2023-04-22 09:14:13', 1, 1);
INSERT INTO `chat_msg_record` VALUES (16, 1644223948273614848, 152, 1630119475372863488, 'UNSENT', NULL, '2023-04-22 09:14:13', '2023-04-22 09:14:13', 1, 1);
INSERT INTO `chat_msg_record` VALUES (17, 1644223948273614848, 153, 1630119475372863488, 'UNSENT', NULL, '2023-04-22 09:14:52', '2023-04-22 09:14:52', 1, 1);
INSERT INTO `chat_msg_record` VALUES (18, 1644223948273614848, 153, 1630119513067073536, 'UNSENT', NULL, '2023-04-22 09:14:52', '2023-04-22 09:14:52', 1, 1);
INSERT INTO `chat_msg_record` VALUES (19, 1644223948273614848, 154, 1630119475372863488, 'UNSENT', NULL, '2023-04-22 09:16:17', '2023-04-22 09:16:17', 1, 1);
INSERT INTO `chat_msg_record` VALUES (20, 1644223948273614848, 154, 1630119513067073536, 'UNSENT', NULL, '2023-04-22 09:16:17', '2023-04-22 09:16:17', 1, 1);
INSERT INTO `chat_msg_record` VALUES (21, 1644223948273614848, 155, 1630119475372863488, 'UNSENT', NULL, '2023-04-22 09:17:58', '2023-04-22 09:17:58', 1, 1);
INSERT INTO `chat_msg_record` VALUES (22, 1644223948273614848, 155, 1630119513067073536, 'UNSENT', NULL, '2023-04-22 09:17:58', '2023-04-22 09:17:58', 1, 1);
INSERT INTO `chat_msg_record` VALUES (23, 1644223948273614848, 156, 1630119475372863488, 'UNSENT', NULL, '2023-04-22 09:18:51', '2023-04-22 09:18:51', 1, 1);
INSERT INTO `chat_msg_record` VALUES (24, 1644223948273614848, 156, 1630119513067073536, 'UNSENT', NULL, '2023-04-22 09:18:51', '2023-04-22 09:18:51', 1, 1);
INSERT INTO `chat_msg_record` VALUES (25, 1644223948273614848, 157, 1630119475372863488, 'UNSENT', NULL, '2023-04-22 09:21:47', '2023-04-22 09:21:47', 1, 1);
INSERT INTO `chat_msg_record` VALUES (26, 1644223948273614848, 157, 1630119513067073536, 'UNSENT', NULL, '2023-04-22 09:21:47', '2023-04-22 09:21:47', 1, 1);
INSERT INTO `chat_msg_record` VALUES (27, 1644223948273614848, 158, 1630119513067073536, 'UNSENT', NULL, '2023-04-22 09:22:49', '2023-04-22 09:22:49', 1, 1);
INSERT INTO `chat_msg_record` VALUES (28, 1644223948273614848, 158, 1630119475372863488, 'UNSENT', NULL, '2023-04-22 09:22:49', '2023-04-22 09:22:49', 1, 1);
INSERT INTO `chat_msg_record` VALUES (29, 1644223948273614848, 159, 1630119475372863488, 'UNSENT', NULL, '2023-04-22 09:29:43', '2023-04-22 09:29:43', 1, 1);
INSERT INTO `chat_msg_record` VALUES (30, 1644223948273614848, 160, 1630119475372863488, 'UNSENT', NULL, '2023-04-22 09:30:05', '2023-04-22 09:30:05', 1, 1);
INSERT INTO `chat_msg_record` VALUES (31, 1644223948273614848, 160, 1630119513067073536, 'UNSENT', NULL, '2023-04-22 09:30:05', '2023-04-22 09:30:05', 1, 1);
INSERT INTO `chat_msg_record` VALUES (32, 1644223948273614848, 161, 1630119475372863488, 'UNSENT', NULL, '2023-04-22 10:05:44', '2023-04-22 10:05:44', 1, 1);
INSERT INTO `chat_msg_record` VALUES (33, 1644223948273614848, 161, 1630119513067073536, 'UNSENT', NULL, '2023-04-22 10:05:44', '2023-04-22 10:05:44', 1, 1);
INSERT INTO `chat_msg_record` VALUES (34, 1644223948273614848, 162, 1630119475372863488, 'UNSENT', NULL, '2023-04-22 10:10:25', '2023-04-22 10:10:25', 1, 1);
INSERT INTO `chat_msg_record` VALUES (35, 1644223948273614848, 162, 1630119513067073536, 'UNSENT', NULL, '2023-04-22 10:10:25', '2023-04-22 10:10:25', 1, 1);
INSERT INTO `chat_msg_record` VALUES (36, 1644223948273614848, 163, 1630119475372863488, 'UNSENT', NULL, '2023-05-20 00:33:00', '2023-05-20 00:33:00', 1, 1);
INSERT INTO `chat_msg_record` VALUES (37, 1644223948273614848, 163, 1630119513067073536, 'UNSENT', NULL, '2023-05-20 00:33:00', '2023-05-20 00:33:00', 1, 1);
INSERT INTO `chat_msg_record` VALUES (38, 1644223948273614848, 164, 1630119475372863488, 'UNSENT', NULL, '2023-05-20 00:33:32', '2023-05-20 00:33:32', 1, 1);
INSERT INTO `chat_msg_record` VALUES (39, 1644223948273614848, 164, 1630119513067073536, 'UNSENT', NULL, '2023-05-20 00:33:32', '2023-05-20 00:33:32', 1, 1);
INSERT INTO `chat_msg_record` VALUES (40, 1644223948273614848, 165, 1630119475372863488, 'UNSENT', NULL, '2023-05-20 00:36:31', '2023-05-20 00:36:31', 1, 1);
INSERT INTO `chat_msg_record` VALUES (41, 1644223948273614848, 165, 1630119513067073536, 'UNSENT', NULL, '2023-05-20 00:36:31', '2023-05-20 00:36:31', 1, 1);
INSERT INTO `chat_msg_record` VALUES (42, 1644223948273614848, 166, 1630119513067073536, 'UNSENT', NULL, '2023-05-20 00:37:08', '2023-05-20 00:37:08', 1, 1);
INSERT INTO `chat_msg_record` VALUES (43, 1644223948273614848, 166, 1630119475372863488, 'UNSENT', NULL, '2023-05-20 00:37:08', '2023-05-20 00:37:08', 1, 1);
INSERT INTO `chat_msg_record` VALUES (44, 1644223948273614848, 167, 1630119475372863488, 'UNSENT', NULL, '2023-05-20 02:03:33', '2023-05-20 02:03:33', 1, 1);
INSERT INTO `chat_msg_record` VALUES (45, 1644223948273614848, 167, 1630119513067073536, 'UNSENT', NULL, '2023-05-20 02:03:33', '2023-05-20 02:03:33', 1, 1);
INSERT INTO `chat_msg_record` VALUES (46, 1644223948273614848, 168, 1630119513067073536, 'UNSENT', NULL, '2023-05-20 02:04:53', '2023-05-20 02:04:53', 1, 1);
INSERT INTO `chat_msg_record` VALUES (47, 1644223948273614848, 168, 1630119475372863488, 'UNSENT', NULL, '2023-05-20 02:04:53', '2023-05-20 02:04:53', 1, 1);
INSERT INTO `chat_msg_record` VALUES (48, 1644223948273614848, 169, 1630119513067073536, 'UNSENT', NULL, '2023-05-20 02:06:00', '2023-05-20 02:06:00', 1, 1);
INSERT INTO `chat_msg_record` VALUES (49, 1644223948273614848, 169, 1630119475372863488, 'UNSENT', NULL, '2023-05-20 02:06:00', '2023-05-20 02:06:00', 1, 1);
INSERT INTO `chat_msg_record` VALUES (50, 1644223948273614848, 170, 1630119513067073536, 'UNSENT', NULL, '2023-05-20 02:10:57', '2023-05-20 02:10:57', 1, 1);
INSERT INTO `chat_msg_record` VALUES (51, 1644223948273614848, 170, 1630119475372863488, 'UNSENT', NULL, '2023-05-20 02:10:57', '2023-05-20 02:10:57', 1, 1);
INSERT INTO `chat_msg_record` VALUES (52, 1644223948273614848, 171, 1630119475372863488, 'UNSENT', NULL, '2023-05-20 02:12:47', '2023-05-20 02:12:47', 1, 1);
INSERT INTO `chat_msg_record` VALUES (53, 1644223948273614848, 171, 1630119513067073536, 'UNSENT', NULL, '2023-05-20 02:12:47', '2023-05-20 02:12:47', 1, 1);
INSERT INTO `chat_msg_record` VALUES (54, 1644223948273614848, 172, 1630119475372863488, 'UNSENT', NULL, '2023-05-20 02:14:15', '2023-05-20 02:14:15', 1, 1);
INSERT INTO `chat_msg_record` VALUES (55, 1644223948273614848, 172, 1630119513067073536, 'UNSENT', NULL, '2023-05-20 02:14:15', '2023-05-20 02:14:15', 1, 1);
INSERT INTO `chat_msg_record` VALUES (56, 1644223948273614848, 173, 1630119475372863488, 'UNSENT', NULL, '2023-05-20 03:20:11', '2023-05-20 03:20:11', 1, 1);
INSERT INTO `chat_msg_record` VALUES (57, 1644223948273614848, 173, 1630119513067073536, 'UNSENT', NULL, '2023-05-20 03:20:11', '2023-05-20 03:20:11', 1, 1);
INSERT INTO `chat_msg_record` VALUES (58, 1644223948273614848, 174, 1630119475372863488, 'UNSENT', NULL, '2023-05-20 04:33:47', '2023-05-20 04:33:47', 1, 1);
INSERT INTO `chat_msg_record` VALUES (59, 1644223948273614848, 175, 1630119475372863488, 'UNSENT', NULL, '2023-05-20 04:33:58', '2023-05-20 04:33:58', 1, 1);
INSERT INTO `chat_msg_record` VALUES (60, 1644223948273614848, 176, 1630119475372863488, 'UNSENT', NULL, '2023-05-20 04:35:34', '2023-05-20 04:35:34', 1, 1);
INSERT INTO `chat_msg_record` VALUES (61, 1644223948273614848, 177, 1630119475372863488, 'UNSENT', NULL, '2023-05-20 04:36:39', '2023-05-20 04:36:39', 1, 1);
INSERT INTO `chat_msg_record` VALUES (62, 1644223948273614848, 177, 1630119513067073536, 'UNSENT', NULL, '2023-05-20 04:36:39', '2023-05-20 04:36:39', 1, 1);

-- ----------------------------
-- Table structure for session
-- ----------------------------
DROP TABLE IF EXISTS `session`;
CREATE TABLE `session`  (
  `id` bigint(30) NOT NULL AUTO_INCREMENT,
  `session_name` varchar(50) CHARACTER SET utf8mb4 COLLATE utf8mb4_general_ci NULL DEFAULT NULL COMMENT '会话名称（系统预定义）',
  `create_user_id` bigint(20) NULL DEFAULT NULL COMMENT '创建账号',
  `create_time` datetime(0) NULL DEFAULT CURRENT_TIMESTAMP(0) COMMENT '创建时间',
  `update_time` datetime(0) NULL DEFAULT CURRENT_TIMESTAMP(0) ON UPDATE CURRENT_TIMESTAMP(0) COMMENT '修改时间',
  `active` tinyint(4) NULL DEFAULT 1 COMMENT '删除标志',
  `version` int(11) NULL DEFAULT 1 COMMENT '版本',
  PRIMARY KEY (`id`) USING BTREE
) ENGINE = InnoDB AUTO_INCREMENT = 1644223948273614849 CHARACTER SET = utf8mb4 COLLATE = utf8mb4_general_ci COMMENT = '会话表' ROW_FORMAT = Dynamic;

-- ----------------------------
-- Records of session
-- ----------------------------
INSERT INTO `session` VALUES (1644223948273614848, '模板', NULL, '2023-04-07 06:21:52', '2023-04-07 06:21:52', 1, 1);

-- ----------------------------
-- Table structure for session_account
-- ----------------------------
DROP TABLE IF EXISTS `session_account`;
CREATE TABLE `session_account`  (
  `id` bigint(20) NOT NULL AUTO_INCREMENT,
  `session_id` bigint(20) NULL DEFAULT NULL COMMENT '会话',
  `user_id` bigint(20) NULL DEFAULT NULL COMMENT '用户标识',
  `create_user_id` bigint(20) NULL DEFAULT NULL COMMENT '创建用户',
  `create_time` datetime(0) NULL DEFAULT CURRENT_TIMESTAMP(0) COMMENT '创建时间',
  `update_time` datetime(0) NULL DEFAULT CURRENT_TIMESTAMP(0) ON UPDATE CURRENT_TIMESTAMP(0) COMMENT '修改时间',
  `active` tinyint(4) NULL DEFAULT 1 COMMENT '删除标志',
  `version` int(11) NULL DEFAULT 1 COMMENT '版本',
  PRIMARY KEY (`id`) USING BTREE
) ENGINE = InnoDB AUTO_INCREMENT = 3 CHARACTER SET = utf8mb4 COLLATE = utf8mb4_general_ci COMMENT = '会话账户中间表' ROW_FORMAT = Dynamic;

-- ----------------------------
-- Records of session_account
-- ----------------------------
INSERT INTO `session_account` VALUES (1, 1644223948273614848, 1630119475372863488, 1630119513067073536, '2023-04-07 06:26:51', '2023-04-07 06:26:51', 1, 1);
INSERT INTO `session_account` VALUES (2, 1644223948273614848, 1630119513067073536, 1630119513067073536, '2023-04-07 06:26:51', '2023-04-07 06:26:51', 1, 1);

SET FOREIGN_KEY_CHECKS = 1;
